<?xml version="1.0" encoding="UTF-8"?>
<project-private xmlns="http://www.netbeans.org/ns/project-private/1">
    <editor-bookmarks xmlns="http://www.netbeans.org/ns/editor-bookmarks/2" lastBookmarkId="0"/>
    <open-files xmlns="http://www.netbeans.org/ns/projectui-open-files/2">
        <group>
            <file>file:/C:/Users/ishal/OneDrive/Documents/NetBeansProjects/AMS/src/entities/Attendance.java</file>
            <file>file:/C:/Users/ishal/OneDrive/Documents/NetBeansProjects/AMS/src/design/Admin_Dashboard.java</file>
            <file>file:/C:/Users/ishal/OneDrive/Documents/NetBeansProjects/AMS/src/entities/Student.java</file>
            <file>file:/C:/Users/ishal/OneDrive/Documents/NetBeansProjects/AMS/src/entities/User.java</file>
            <file>file:/C:/Users/ishal/OneDrive/Documents/NetBeansProjects/AMS/src/entities/Course.java</file>
            <file>file:/C:/Users/ishal/OneDrive/Documents/NetBeansProjects/AMS/src/design/TeacherDashboard.java</file>
            <file>file:/C:/Users/ishal/OneDrive/Documents/NetBeansProjects/AMS/src/entities/Section.java</file>
            <file>file:/C:/Users/ishal/OneDrive/Documents/NetBeansProjects/AMS/src/entities/WorkLoad.java</file>
            <file>file:/C:/Users/ishal/OneDrive/Documents/NetBeansProjects/AMS/src/entities/Enrollment.java</file>
            <file>file:/C:/Users/ishal/OneDrive/Documents/NetBeansProjects/AMS/src/entities/Teacher.java</file>
            <file>file:/C:/Users/ishal/OneDrive/Documents/NetBeansProjects/AMS/src/entities/University.java</file>
            <file>file:/C:/Users/ishal/OneDrive/Documents/NetBeansProjects/AMS/src/design/Signup.java</file>
        </group>
    </open-files>
</project-private>
